"Lance.code","Lon","Lat"
"1545_1",-81.07585,-5.71561666666667
"1545_2",-80.9419666666667,-6.2809
"1545_3",-80.8057166666667,-6.44878333333333
"1545_4",-80.67535,-6.50595
"1545_5",-80.6867,-6.51665
"1546_1",-81.1012833333333,-5.7189
"1546_2",-81.1184,-6.0539
"1546_3",-80.9087333333333,-6.37595
"1546_4",-80.9059,-6.35261666666667
"1546_5",-80.7350333333333,-6.32636666666667
"1546_6",-80.6395,-6.37356666666667
"1546_7",-80.7566833333333,-6.44291666666667
"1547_1",-81.0554333333333,-5.63461666666667
"1547_2",-81.0699,-5.60776666666667
"1547_3",-81.1430333333333,-5.37086666666667
"1547_4",-81.1898333333333,-5.29005
"1547_5",-81.2240333333333,-5.25751666666667
"1547_6",-81.0428,-5.35985
"1548_1",-80.7305333333333,-3.31348333333333
"1548_2",-80.6816666666667,-3.39833333333333
"1549_1",-80.92475,-3.72965
"1549_2",-80.9750833333333,-3.684
"1549_3",-80.9594166666667,-3.77771666666667
"1549_4",-80.9246666666667,-3.67253333333333
"1549_5",-80.88325,-3.545
"1549_6",-80.8651666666667,-3.516
"1550_1",-80.9675,-3.55001666666667
"1550_2",-81.01925,-3.53036666666667
"1550_3",-80.7021666666667,-3.465
"1550_4",-80.9671333333333,-3.51486666666667
"1550_5",-81.0570166666667,-3.30991666666667
"1550_6",-80.6630333333333,-3.35408333333333
"1551_1",-81.0693666666667,-5.6954
"1551_2",-81.0831,-5.6796
"1551_3",-81.0339166666667,-5.66016666666667
"1551_4",-81.1178833333333,-5.47518333333333
"1551_5",-81.1363666666667,-5.4894
"1551_6",-81.1639,-5.45216666666667
"1551_7",-81.1395166666667,-5.50963333333333
"1551_8",-81.1344333333333,-5.52028333333333
"1551_9",-81.1316333333333,-5.53158333333333
"1552_1",-80.9543666666667,-6.30383333333333
"1552_2",-80.9663333333333,-6.30288333333333
"1552_3",-80.9324166666667,-6.31938333333333
"1552_4",-80.9428666666667,-6.29886666666667
"1552_5",-80.9640833333333,-6.28433333333333
"1552_6",-80.9769666666667,-6.2872
"1552_7",-80.9865666666667,-6.26263333333333
"1553_1",-80.9768833333333,-6.29038333333333
"1553_2",-80.9235666666667,-6.35021666666667
"1553_3",-80.90465,-6.3187
"1553_4",-80.8901166666667,-6.30476666666667
"1553_5",-80.8719333333333,-6.31011666666667
"1553_6",-80.8519,-6.30661666666667
"1553_7",-80.8488833333333,-6.2945
"1554_1",-80.9911833333333,-6.27043333333333
"1554_2",-80.9673,-6.29328333333333
"1554_3",-80.9186833333333,-6.33345
"1555_1",-81.0519166666667,-6.23866666666667
"1555_2",-81.02595,-6.2643
"1555_3",-81.0781666666667,-6.17166666666667
"1555_4",-81.0652833333333,-6.16035
"1555_5",-81.0590333333333,-6.14081666666667
"1555_6",-81.0506833333333,-6.14041666666667
"1556_1",-80.7241166666667,-6.34063333333333
"1556_2",-80.7231666666667,-6.50395
"1556_3",-80.5894333333333,-6.40591666666667
"1556_4",-80.5982833333333,-6.3983
"1556_5",-80.3293166666667,-6.53396666666667
"1556_6",-80.2523833333333,-6.58301666666667
"1556_7",-80.2383,-6.64901666666667
"1557_1",-80.9709,-6.28925
"1557_2",-80.59115,-6.47425
"1557_3",-80.3346833333333,-6.57543333333333
"1557_4",-80.5099333333333,-6.70006666666667
"1557_5",-80.5351,-6.6917
"1557_6",-80.51705,-6.71798333333333
"1557_7",-80.5416833333333,-6.68495
"1557_8",-80.39055,-6.50571666666667
"1557_9",-80.26975,-6.57181666666667
"1557_10",-79.97595,-6.80143333333333
"1558_1",-79.3798333333333,-8.56633333333333
"1558_2",-79.5847166666667,-8.71316666666667
"1558_3",-79.7565,-8.42566666666667
"1558_4",-79.6440833333333,-8.4103
"1558_5",-79.6885,-8.43486666666667
"1558_6",-79.9341666666667,-8.34026666666667
"1558_7",-80.0415333333333,-8.29266666666667
"1558_8",-79.8005,-8.30275
"1558_9",-79.45845,-8.32353333333333
"1559_1",-79.3853666666667,-8.33423333333333
"1559_2",-79.4918333333333,-8.21805
"1559_3",-79.45905,-8.29681666666667
"1559_4",-79.4467166666667,-8.568
"1559_5",-79.4381166666667,-8.83875
"1559_6",-79.3209333333333,-8.55893333333333
"1559_7",-79.42575,-8.23766666666667
"1559_8",-79.4747666666667,-8.09228333333333
"1559_9",-79.5342333333333,-8.00808333333333
"1559_10",-79.3262,-8.10176666666667
"1560_1",-79.5150833333333,-8.9164
"1560_2",-79.3551833333333,-8.73908333333333
"1560_3",-79.5186166666667,-9.1836
"1560_4",-79.3355833333333,-9.25401666666667
"1560_5",-79.0886833333333,-9.1561
"1560_6",-79.0555333333333,-9.1231
"1560_7",-79.0394666666667,-8.60628333333333
"1560_8",-79.6035,-8.27216666666667
"1560_9",-79.5505166666667,-8.28228333333333
"1560_10",-79.1716833333333,-8.39026666666667
"1561_1",-79.9699166666667,-6.95818333333333
"1561_2",-80.2082333333333,-6.81335
"1561_3",-80.4049,-6.6588
"1561_4",-80.43935,-6.66093333333333
"1561_5",-80.5364666666667,-6.60741666666667
"1561_6",-80.58745,-6.4223
"1561_7",-80.6067166666667,-6.39648333333333
"1561_8",-80.6157833333333,-6.39745
"1562_1",-80.0372333333333,-6.7532
"1562_2",-80.05,-6.73818333333333
"1562_3",-80.0749833333333,-6.67336666666667
"1562_4",-80.0874666666667,-6.66951666666667
"1562_5",-80.2532833333333,-6.81766666666667
"1562_6",-80.3837,-6.72533333333333
"1562_7",-80.3031166666667,-6.68718333333333
"1562_8",-80.47005,-6.62471666666667
"1562_9",-80.4680166666667,-6.52073333333333
"1562_10",-80.3210166666667,-6.73566666666667
"1562_11",-80.0338333333333,-6.7404
"1562_12",-80.0260333333333,-6.7363
"1563_1",-80.0889166666667,-6.80656666666667
"1563_2",-80.6555,-7.10423333333333
"1563_3",-80.0087833333333,-7.05988333333333
"1563_4",-79.7594333333333,-7.05511666666667
"1563_5",-79.9082833333333,-6.90481666666667
"1564_1",-80.19775,-6.8416
"1564_2",-80.3568,-6.7129
"1564_3",-80.4238,-6.7127
"1564_4",-80.3251833333333,-6.68413333333333
"1564_5",-80.4229833333333,-6.50875
"1564_6",-80.1871,-6.6131
"1564_7",-80.1874666666667,-6.65035
"1564_8",-80.1080333333333,-6.66958333333333
"1565_1",-84.7536833333333,-6.59716666666667
"1565_2",-84.8039166666667,-6.42883333333333
"1565_3",-85.0841333333333,-6.63333333333333
"1565_4",-85.0953333333333,-6.642
"1566_1",-77.8505166666667,-11.84505
"1566_2",-77.9372,-11.8898333333333
"1566_3",-78.3183333333333,-11.8908333333333
"1566_4",-78.4212333333333,-12.01345
"1566_5",-79.08685,-11.5520666666667
"1566_6",-79.0463333333333,-11.5435666666667
"1566_7",-78.9839333333333,-11.5516666666667
"1566_8",-78.9690166666667,-11.55055
"1566_9",-78.8473666666667,-11.5430833333333
"1566_10",-78.6926,-11.57205
"1566_11",-78.66725,-11.6694833333333
"1567_1",-79.3083833333333,-8.37013333333333
"1567_2",-79.4706333333333,-8.33675
"1567_3",-79.6741666666667,-8.15878333333333
"1567_4",-79.818,-7.97506666666667
"1567_5",-80.0323333333333,-7.56863333333333
"1567_6",-80.49525,-7.5527
"1567_7",-80.7428,-7.4705
"1567_8",-80.5783666666667,-7.73636666666667
"1567_9",-80.46795,-7.71791666666667
"1567_10",-80.2581,-7.88563333333333
"1568_1",-80.68025,-3.34766666666667
"1568_2",-80.714,-3.36333333333333
"1568_3",-80.9,-3.25666666666667
"1568_4",-81.0463833333333,-3.24166666666667
"1569_1",-80.9383333333333,-3.65833333333333
"1569_2",-80.9815,-3.56583333333333
"1569_3",-80.81425,-3.51116666666667
"1569_4",-80.83655,-3.44791666666667
"1570_1",-80.8533333333333,-3.57
"1570_2",-80.9554833333333,-3.36588333333333
"1570_3",-80.8915,-3.545
"1570_4",-80.8957833333333,-3.5466
"1571_1",-80.87325,-3.6868
"1571_2",-80.9696666666667,-3.6407
"1571_3",-80.8080166666667,-3.60875
"1571_4",-80.7983333333333,-3.62
"1572_1",-80.8505,-3.67766666666667
"1572_2",-80.9202833333333,-3.765
"1572_3",-80.6711166666667,-3.41148333333333
"1572_4",-80.6020333333333,-3.43501666666667
"1573_1",-80.6093833333333,-3.43333333333333
"1573_2",-80.6616833333333,-3.43973333333333
"1573_3",-80.5883333333333,-3.43331666666667
"1574_1",-80.2874,-6.57801666666667
"1574_2",-80.3107833333333,-6.64298333333333
"1574_3",-80.3365166666667,-6.65533333333333
"1574_4",-80.3784333333333,-7.17536666666667
"1574_5",-80.4682666666667,-7.15551666666667
"1574_6",-80.5168166666667,-7.1783
"1574_7",-80.3645,-7.04485
"1575_1",-80.9632666666667,-6.20195
"1575_2",-80.9663333333333,-6.30233333333333
"1575_3",-80.9172833333333,-6.3725
"1575_4",-80.8230666666667,-6.44423333333333
"1575_5",-80.6570833333333,-6.37988333333333
"1575_6",-80.8275166666667,-6.30071666666667
"1575_7",-80.82655,-6.28938333333333
"1575_8",-80.9232,-6.2085
"1575_9",-81.0010833333333,-6.16891666666667
"1576_1",-81.0854,-5.5251
"1576_2",-81.1049,-5.5131
"1576_3",-81.1127,-5.56941666666667
"1576_4",-81.0926166666667,-5.6112
"1576_5",-81.1001333333333,-5.53838333333333
"1576_6",-81.1097666666667,-5.5234
"1576_7",-81.0911333333333,-5.55428333333333
"1576_8",-81.1361166666667,-5.52825
"1576_9",-81.2262166666667,-5.425
"1576_10",-81.1605833333333,-5.42981666666667
"1576_11",-81.09745,-5.49908333333333
"1576_12",-81.1758166666667,-5.65333333333333
"1576_13",-81.1945666666667,-5.64903333333333
"1577_1",-80.22555,-6.6027
"1577_2",-80.3876666666667,-6.58605
"1577_3",-80.3418,-6.61746666666667
"1577_4",-80.3337666666667,-6.62366666666667
"1577_5",-80.4724333333333,-7.10445
"1577_6",-80.4066833333333,-7.15208333333333
"1577_7",-80.32265,-7.13905
"1578_1",-79.5059833333333,-8.18866666666667
"1578_2",-79.7562166666667,-8.05576666666667
"1578_3",-79.7222,-8.12325
"1578_4",-79.7889666666667,-8.056
"1578_5",-80.5227,-7.68938333333333
"1578_6",-80.6230666666667,-7.6231
"1578_7",-80.5884333333333,-7.52275
"1578_8",-80.5556666666667,-7.65646666666667
"1578_9",-80.5897166666667,-7.68983333333333
"1578_10",-80.5890333333333,-7.65636666666667
"1579_1",-77.9416666666667,-12.5950666666667
"1579_2",-78.4860166666667,-12.7032333333333
"1579_3",-78.5242833333333,-12.7458333333333
"1579_4",-78.958,-12.7193833333333
"1579_5",-79.06135,-12.6936
"1579_6",-79.0974166666667,-12.6798333333333
"1579_7",-79.0339333333333,-12.7069166666667
"1579_8",-79.03585,-12.6932666666667
"1579_9",-79.0281333333333,-12.6708166666667
"1579_10",-78.46175,-12.4867333333333
"1580_1",-78.6813166666667,-12.0985166666667
"1580_2",-78.8388333333333,-12.1783833333333
"1580_3",-79.0165,-12.2105333333333
"1580_4",-79.1035,-12.23905
"1580_5",-79.2717333333333,-12.1866666666667
"1580_6",-79.3375333333333,-12.2992
"1580_7",-79.0214833333333,-12.1784
"1580_8",-78.6694833333333,-12.0006666666667
"1580_9",-78.35185,-11.8938
"1581_1",-77.84685,-11.6821166666667
"1581_2",-77.9300666666667,-11.6837666666667
"1581_3",-78.3217333333333,-11.75025
"1581_4",-78.6357166666667,-11.8038333333333
"1581_5",-78.5936,-12.0075666666667
"1581_6",-78.4916833333333,-12.4169333333333
"1581_7",-78.3357,-12.50525
"1581_8",-78.3569166666667,-12.5837166666667
"1581_9",-78.41705,-12.6219166666667
"1581_10",-79.00205,-12.7507
"1581_11",-79.1219166666667,-12.7520166666667
"1581_12",-79.22345,-12.68405
"1581_13",-79.1383666666667,-12.6733666666667
"1581_14",-78.0044,-12.1786333333333
"1581_15",-78.8351166666667,-12.0941666666667
"1582_1",-80.2544833333333,-8.48325
"1582_2",-80.38875,-7.85658333333333
"1582_3",-80.3223833333333,-7.88981666666667
"1582_4",-80.7559166666667,-7.32283333333333
"1582_5",-80.8230833333333,-7.08835
"1582_6",-81.17285,-7.05543333333333
"1582_7",-81.2219166666667,-6.98941666666667
"1582_8",-81.17045,-7.05656666666667
"1582_9",-81.07275,-7.19113333333333
"1582_10",-81.03865,-7.22413333333333
"1583_1",-80.8460833333333,-3.60983333333333
"1583_2",-81.2638666666667,-3.945
"1583_3",-80.8855,-3.74166666666667
"1583_4",-81.09,-3.70916666666667
"1583_5",-81.0353166666667,-3.72171666666667
"1584_1",-80.8672166666667,-3.5366
"1584_2",-80.5926666666667,-3.4315
"1584_3",-80.6261666666667,-3.405
"1584_4",-80.5855,-3.40466666666667
"1585_1",-80.2215666666667,-6.8704
"1585_2",-80.2554,-6.82116666666667
"1585_3",-80.2211666666667,-6.83868333333333
"1585_4",-80.15995,-7.12118333333333
"1586_1",-81.1049833333333,-5.54301666666667
"1586_2",-81.2763,-5.35046666666667
"1586_3",-81.3258,-5.36146666666667
"1586_4",-81.3407333333333,-5.34436666666667
"1586_5",-81.3404,-5.35073333333333
"1587_1",-80.0356666666667,-7.00663333333333
"1587_2",-80.3192833333333,-6.73005
"1587_3",-80.508,-6.65658333333333
"1587_4",-80.3991833333333,-6.51331666666667
"1587_5",-80.1718333333333,-6.67375
"1587_6",-80.1741,-6.65476666666667
"1588_1",-79.8660333333333,-7.13451666666667
"1588_2",-79.9511833333333,-7.14933333333333
"1588_3",-79.99325,-7.14331666666667
"1588_4",-79.9323833333333,-7.14996666666667
"1588_5",-79.9236333333333,-7.11655
"1588_6",-80.0918833333333,-6.99925
"1589_1",-80.0841,-6.70038333333333
"1589_2",-80.5893333333333,-6.3996
"1589_3",-80.9134833333333,-6.3171
"1589_4",-81.0211333333333,-5.714
"1589_5",-81.0028,-5.57313333333333
"1589_6",-81.0253,-5.55763333333333
"1589_7",-81.0053833333333,-5.58391666666667
"1590_1",-78.00565,-12.1767833333333
"1590_2",-78.1708666666667,-12.41835
"1590_3",-78.3479,-12.6672666666667
"1590_4",-78.5106833333333,-12.76655
"1590_5",-78.5994666666667,-12.74335
"1590_6",-78.68195,-12.6909833333333
"1590_7",-78.5886333333333,-12.5902333333333
"1590_8",-78.34985,-12.34725
"1590_9",-78.2522,-12.1751833333333
"1590_10",-77.8389333333333,-12.0076166666667
"1591_1",-78.0039166666667,-12.17295
"1591_2",-78.1321666666667,-12.2037666666667
"1591_3",-78.2556,-12.3
"1591_4",-78.427,-12.3357166666667
"1591_5",-78.61675,-12.3009333333333
"1591_6",-78.6966666666667,-12.2052333333333
"1591_7",-78.64115,-12.3400333333333
"1591_8",-78.6900166666667,-12.0910666666667
"1591_9",-78.6750666666667,-11.9973333333333
"1591_10",-78.6502166666667,-12.00375
"1591_11",-78.4543666666667,-11.8491
"1591_12",-78.6009166666667,-11.8332333333333
"1591_13",-78.3479,-11.7339333333333
"1591_14",-78.1800666666667,-11.7902666666667
"1592_1",-79.8437166666667,-11.3493166666667
"1592_2",-77.92085,-11.2510333333333
"1592_3",-78.00405,-11.0859166666667
"1592_4",-78.1095,-10.97425
"1592_5",-78.1769666666667,-11.0072333333333
"1592_6",-78.3001666666667,-10.94125
"1592_7",-78.1683666666667,-11.1676666666667
"1592_8",-78.0984666666667,-11.25345
"1592_9",-78.0093666666667,-11.3060666666667
"1593_1",-80.1168833333333,-8.40855
"1593_2",-80.1687166666667,-8.43506666666667
"1593_3",-80.2183666666667,-8.30883333333333
"1593_4",-80.2771666666667,-8.11673333333333
"1593_5",-80.0766,-8.39571666666667
"1593_6",-79.9645,-8.63511666666667
"1593_7",-80.0493666666667,-8.91821666666667
"1593_8",-79.7833833333333,-8.94346666666667
"1593_9",-80.1423333333333,-8.8096
"1593_10",-80.3173666666667,-8.7902
"1594_1",-79.9711,-8.38878333333333
"1594_2",-80.1553333333333,-8.35593333333333
"1594_3",-80.3692333333333,-8.35691666666667
"1594_4",-80.2718,-8.38971666666667
"1594_5",-80.2723,-8.52231666666667
"1594_6",-80.2362166666667,-8.34605
"1594_7",-80.2055333333333,-8.256
"1594_8",-80.2389166666667,-8.15568333333333
"1594_9",-80.1730166666667,-8.12293333333333
"1595_1",-80.4389333333333,-8.75483333333333
"1595_2",-80.3622166666667,-8.7791
"1595_3",-80.2629833333333,-8.9533
"1595_4",-80.1398,-8.95638333333333
"1595_5",-79.95605,-9.10191666666667
"1595_6",-80.0555333333333,-9.24056666666667
"1595_7",-79.8722833333333,-9.2507
"1595_8",-79.7888,-9.12045
"1596_1",-80.2060833333333,-8.23633333333333
"1596_2",-80.2634,-8.06125
"1596_3",-80.5238,-8.08435
"1596_4",-80.7643833333333,-8.00193333333333
"1596_5",-80.5667333333333,-7.7344
"1596_6",-80.33375,-7.84096666666667
"1596_7",-80.1796666666667,-7.98686666666667
"1596_8",-78.988,-8.2442
"1596_9",-79.9435833333333,-8.30538333333333
"1596_10",-79.3288333333333,-8.32883333333333
"1597_1",-78.0001666666667,-12.2513
"1597_2",-78.1746833333333,-12.4187166666667
"1597_3",-78.3179166666667,-12.5020666666667
"1597_4",-78.49045,-12.5894333333333
"1597_5",-78.50135,-12.6350333333333
"1597_6",-78.5243333333333,-12.6757166666667
"1597_7",-78.5681666666667,-12.6006
"1597_8",-78.5183333333333,-12.5092833333333
"1597_9",-78.5092666666667,-12.67205
"1597_10",-78.42585,-12.6565333333333
"1597_11",-78.3337,-12.3401666666667
"1597_12",-78.17,-12.1825
"1597_13",-78.0990666666667,-12.05545
"1598_1",-77.7517333333333,-12.4743833333333
"1598_2",-77.8351333333333,-12.67255
"1598_3",-77.8766,-12.7567166666667
"1598_4",-77.7978333333333,-12.8414666666667
"1598_5",-77.8994166666667,-12.93055
"1598_6",-77.8512166666667,-13.0209166666667
"1598_7",-78.1191666666667,-12.9383333333333
"1598_8",-78.1803333333333,-12.7805666666667
"1598_9",-78.4169166666667,-12.7633333333333
"1598_10",-78.2902833333333,-12.2943
"1598_11",-78.227,-12.2866666666667
"1598_12",-78.2603333333333,-12.287
"1598_13",-77.9211666666667,-12.4845
"1598_14",-78.0103166666667,-12.5135166666667
"1599_1",-78.0089833333333,-12.5007833333333
"1599_2",-78.17295,-12.6766
"1599_3",-78.2810166666667,-12.853
"1599_4",-78.4419333333333,-13.0040833333333
"1599_5",-78.4461333333333,-13.0814333333333
"1599_6",-78.4416666666667,-13.1218666666667
"1599_7",-78.1746833333333,-13.0484166666667
"1599_8",-78.07045,-12.66835
"1599_9",-78.0083666666667,-12.1736166666667
"1600_1",-78.1685166666667,-12.0033333333333
"1600_2",-78.3401,-12.34105
"1600_3",-78.699,-12.3863333333333
"1600_4",-78.7018,-12.4201833333333
"1600_5",-78.0017333333333,-12.1746833333333
"1600_6",-79.3342666666667,-12.22055
"1600_7",-79.2845,-12.1756666666667
"1600_8",-79.1946666666667,-12.0508333333333
"1600_9",-79.016,-11.8385
"1600_10",-78.847,-11.6785833333333
"1600_11",-78.9551166666667,-11.5116666666667
"1600_12",-78.8587833333333,-11.68
"1600_13",-78.7832333333333,-11.8444166666667
"1601_1",-80.3288333333333,-6.61376666666667
"1601_2",-80.57295,-6.46706666666667
"1601_3",-80.6068166666667,-6.45656666666667
"1601_4",-80.6613333333333,-6.45916666666667
"1601_5",-80.6102833333333,-6.39253333333333
"1601_6",-80.60545,-6.40116666666667
"1601_7",-80.3023333333333,-6.55046666666667
"1602_1",-80.8393166666667,-6.41901666666667
"1602_2",-80.7313333333333,-6.32928333333333
"1602_3",-80.7217166666667,-6.33523333333333
"1603_1",-78.0145666666667,-12.0006
"1603_2",-78.0917333333333,-12.0773833333333
"1603_3",-78.1501333333333,-12.17365
"1603_4",-78.1561666666667,-12.2076166666667
"1603_5",-78.1651666666667,-12.2701666666667
"1603_6",-78.1041666666667,-12.3055
"1603_7",-78.1221666666667,-12.3368333333333
"1603_8",-78.1324833333333,-12.2935
"1603_9",-78.1473833333333,-12.2557333333333
"1603_10",-78.3168333333333,-11.7796666666667
"1603_11",-78.1802833333333,-11.8872
"1604_1",-77.6582666666667,-13.0099333333333
"1604_2",-77.66475,-13.2947166666667
"1604_3",-78.0036833333333,-13.274
"1604_4",-78.2291666666667,-13.115
"1604_5",-78.2307333333333,-12.7757666666667
"1604_6",-78.3567833333333,-12.4732166666667
"1604_7",-78.3316666666667,-12.3316666666667
"1604_8",-78.36475,-12.1797833333333
"1604_9",-78.31725,-11.7726666666667
"1604_10",-78.2216666666667,-11.7486833333333
"1604_11",-78.1292166666667,-11.7752833333333
"1604_12",-78.1017,-11.7260166666667
"1604_13",-77.9317333333333,-11.8883333333333
"1605_1",-81.1091833333333,-6.1031
"1605_2",-81.1114,-6.11495
"1605_3",-81.0517,-6.14008333333333
"1605_4",-81.1167,-6.10821666666667
"1605_5",-81.1291,-6.0719
"1606_1",-81.0052166666667,-5.5669
"1606_2",-81.0028,-5.58268333333333
"1606_3",-81.0914166666667,-6.12976666666667
"1606_4",-80.7967166666667,-6.46731666666667
"1606_5",-80.8002833333333,-6.46055
"1606_6",-80.8058333333333,-6.48898333333333
"1606_7",-80.9240166666667,-6.25593333333333
"1606_8",-80.99955,-6.20273333333333
"1606_9",-81.0672166666667,-5.7283
"1607_1",-80.9017,-6.25093333333333
"1607_2",-80.8345,-6.28875
"1607_3",-80.7660666666667,-6.34698333333333
"1607_4",-80.7321166666667,-6.37181666666667
"1607_5",-80.9235666666667,-6.24381666666667
"1608_1",-80.8574,-6.26128333333333
"1608_2",-80.8736166666667,-6.25428333333333
"1608_3",-80.8960166666667,-6.24621666666667
"1608_4",-80.9126333333333,-6.24495
"1608_5",-80.9246333333333,-6.23591666666667
"1608_6",-80.936,-6.22376666666667
"1609_1",-80.9508833333333,-6.21076666666667
"1609_2",-80.9302666666667,-6.22793333333333
"1609_3",-80.88715,-6.26446666666667
"1609_4",-80.86995,-6.27558333333333
"1610_1",-81.0019166666667,-3.784
"1610_2",-80.9833333333333,-3.78833333333333
"1610_3",-80.9999333333333,-3.75616666666667
"1610_4",-80.995,-3.78333333333333
"1611_1",-80.9896666666667,-3.5415
"1611_2",-80.983,-3.57333333333333
"1611_3",-80.97205,-3.46633333333333
"1612_1",-80.9568333333333,-3.53808333333333
"1612_2",-80.939,-3.53308333333333
"1612_3",-80.916,-3.89766666666667
"1612_4",-80.9193333333333,-3.56091666666667
"1613_1",-80.96525,-3.50013333333333
"1613_2",-81.01255,-3.55096666666667
"1613_3",-80.95195,-3.49525
"1613_4",-80.9883333333333,-3.60525
"1613_5",-80.6,-3.42333333333333
"1614_1",-80.9623333333333,-3.50998333333333
"1614_2",-81.2312166666667,-3.52308333333333
"1614_3",-80.9665,-3.49416666666667
"1614_4",-81.1315,-3.80833333333333
"1614_5",-81.1318,-3.97
"1615_1",-81.13825,-3.74425
"1615_2",-81.1419333333333,-3.7643
"1615_3",-81.0755833333333,-3.73966666666667
"1616_1",-81.0279666666667,-3.69096666666667
"1616_2",-81.0058333333333,-3.76991666666667
"1616_3",-81.01665,-3.71666666666667
"1617_1",-80.1389666666667,-6.68168333333333
"1617_2",-80.1550166666667,-6.686
"1618_1",-80.1738333333333,-6.68088333333333
"1618_2",-80.1682666666667,-6.68528333333333
"1618_3",-80.1593833333333,-6.69471666666667
"1619_1",-80.1212333333333,-6.71973333333333
"1619_2",-80.1368166666667,-6.71336666666667
"1620_1",-80.1482,-6.7092
"1620_2",-80.14035,-6.7131
"1620_3",-80.1569333333333,-6.69845
"1621_1",-79.7037166666667,-9.02411666666667
"1621_2",-79.7078333333333,-9.71536666666667
"1621_3",-79.7692833333333,-8.65658333333333
"1621_4",-79.9198,-9.92136666666667
"1621_5",-80.07125,-9.08961666666667
"1621_6",-80.3226833333333,-8.43988333333333
"1621_7",-80.08935,-8.42313333333333
"1621_8",-80.05395,-8.4565
"1622_1",-80.3191666666667,-9.21973333333333
"1622_2",-80.3893833333333,-9.28863333333333
"1622_3",-80.0226666666667,-9.18083333333333
"1622_4",-79.9891333333333,-9.15575
"1622_5",-79.9027333333333,-9.32298333333333
"1622_6",-79.8895166666667,-9.32145
"1622_7",-79.4897166666667,-9.77285
"1623_1",-79.4393333333333,-8.7564
"1623_2",-80.2568,-8.50546666666667
"1623_3",-80.2173666666667,-8.60643333333333
"1623_4",-80.15545,-8.73998333333333
"1623_5",-79.4891666666667,-8.83955
"1624_1",-80.3141666666667,-8.32538333333333
"1624_2",-80.3925,-8.36706666666667
"1624_3",-80.0687,-8.50235
"1624_4",-80.1342,-8.4443
"1624_5",-80.3223666666667,-8.4255
"1624_6",-80.3834666666667,-8.4584
"1625_1",-79.534,-8.88563333333333
"1625_2",-80.0459666666667,-9.02633333333333
"1625_3",-79.9683333333333,-9.0889
"1625_4",-79.9314333333333,-9.14025
"1627_1",-78.1668333333333,-12.5088666666667
"1627_2",-78.3372166666667,-12.6223
"1627_3",-78.62425,-12.79135
"1627_4",-78.8696833333333,-12.9968666666667
"1627_5",-78.95015,-13.1263666666667
"1627_6",-78.9934166666667,-13.0814166666667
"1627_7",-79.0051166666667,-13.16835
"1627_8",-78.8018333333333,-12.8386666666667
"1627_9",-78.4718333333333,-12.50185
"1627_10",-78.3358333333333,-12.1703333333333
"1627_11",-78.1833,-12.0922833333333
"1627_12",-78.09505,-12.0080833333333
"1627_13",-77.9670333333333,-12.0568333333333
"1627_14",-78.2624,-11.90445
"1627_15",-78.19135,-11.7650833333333
"1627_16",-78.2507,-11.6685833333333
"1628_1",-78.1317333333333,-12.1716666666667
"1628_2",-78.03135,-12.1017
"1628_3",-78.0070333333333,-12.0006
"1628_4",-77.98565,-11.9639166666667
"1628_5",-77.8868666666667,-11.8916666666667
"1628_6",-77.9284833333333,-11.9552333333333
"1628_7",-78.0726666666667,-12.2848333333333
"1628_8",-78.1296166666667,-12.4069333333333
"1628_9",-78.2758333333333,-12.5049333333333
"1628_10",-78.22405,-12.5849166666667
"1628_11",-78.6194666666667,-12.605
"1628_12",-79.0638333333333,-12.64175
"1628_13",-79.1470833333333,-12.6233333333333
"1628_14",-79.3217666666667,-12.57755
"1628_15",-78.3842666666667,-12.3875166666667
"1632_1",-76.34775,-13.412
"1632_2",-76.42825,-13.59395
"1632_3",-76.3601666666667,-13.5898666666667
"1633_1",-77.9484833333333,-11.9223166666667
"1633_2",-78.0054166666667,-12.075
"1633_3",-78.11905,-14.06735
"1633_4",-78.30695,-11.8422
"1633_5",-78.3588666666667,-11.7613833333333
"1633_6",-78.3008666666667,-11.63525
"1633_7",-78.1300333333333,-11.9153666666667
"1633_8",-78.1521666666667,-11.9669333333333
"1633_9",-78.0194833333333,-12.0383333333333
"1633_10",-77.9499333333333,-12.205
"1633_11",-78.0869166666667,-12.19165
"1633_12",-78.2537166666667,-12.097
"1633_13",-78.16855,-11.9674
"1633_14",-78.0034833333333,-11.95685
"1634_1",-80.1239666666667,-6.71501666666667
"1634_2",-80.1428,-6.7701
"1634_3",-79.9933,-6.83261666666667
"1635_1",-80.2056666666667,-6.65481666666667
"1635_2",-80.6707333333333,-6.49776666666667
"1635_3",-80.66415,-6.51913333333333
"1635_4",-80.65905,-6.53561666666667
"1635_5",-80.6876666666667,-6.5245
"1636_1",-80.8000166666667,-6.31015
"1636_2",-80.7049,-6.41965
"1636_3",-80.7114666666667,-6.44106666666667
"1636_4",-80.7299,-6.43673333333333
"1636_5",-80.7564,-6.41423333333333
"1637_1",-80.9219166666667,-6.26545
"1637_2",-80.89785,-6.26563333333333
"1637_3",-80.78975,-6.3628
"1637_4",-80.8069333333333,-6.34948333333333
"1637_5",-80.9150166666667,-6.23361666666667
"1638_1",-80.2167833333333,-6.6536
"1638_2",-80.6390833333333,-6.4235
"1638_3",-80.7056166666667,-6.40283333333333
"1638_4",-80.8143333333333,-6.43665
"1638_5",-80.7805666666667,-6.35083333333333
"1638_6",-80.7155333333333,-6.3762
"1639_1",-80.68345,-6.37068333333333
"1639_2",-80.68815,-6.36321666666667
"1639_3",-80.6817166666667,-6.37128333333333
"1639_4",-80.4683166666667,-6.52575
"1640_1",-77.8338833333333,-12.7117166666667
"1640_2",-77.8671666666667,-13.34295
"1640_3",-77.8511166666667,-13.8386166666667
"1640_4",-77.6833333333333,-14.2453333333333
"1640_5",-77.4982833333333,-14.07605
"1640_6",-77.3976666666667,-13.9266666666667
"1640_7",-77.8378833333333,-13.7399
"1640_8",-77.9175833333333,-13.6828333333333
"1640_9",-77.8182833333333,-13.6373666666667
"1640_10",-77.8151166666667,-13.712
"1640_11",-77.8336,-13.504
"1641_1",-79.3224166666667,-8.12538333333333
"1641_2",-79.7086666666667,-7.8797
"1641_3",-79.7368,-7.64633333333333
"1641_4",-79.3543333333333,-7.88521666666667
"1642_1",-79.14115,-8.28496666666667
"1642_2",-79.178,-8.10006666666667
"1643_1",-77.6812333333333,-12.5839333333333
"1643_2",-77.9333333333333,-12.8425
"1643_3",-78.0841666666667,-12.8728333333333
"1643_4",-77.9133333333333,-12.8369166666667
"1643_5",-77.8401833333333,-12.9114666666667
"1643_6",-77.8408333333333,-12.9173333333333
"1643_7",-77.6125,-12.6333333333333
"1643_8",-77.4860333333333,-12.6396666666667
"1643_9",-77.7418333333333,-12.2527666666667
"1643_10",-78.0862666666667,-12.2208666666667
"1643_11",-78.2596166666667,-12.0833333333333
"1643_12",-78.1698333333333,-12.0076666666667
"1643_13",-78.0036833333333,-11.924
"1644_1",-81.0702166666667,-6.17471666666667
"1644_2",-81.8662333333333,-6.28405
"1644_3",-80.67325,-6.45465
"1644_4",-80.4906166666667,-6.58621666666667
"1644_5",-80.2275333333333,-6.7598
"1645_1",-81.205,-3.60836666666667
"1645_2",-81.1493833333333,-3.61653333333333
"1645_3",-81.3551666666667,-3.59983333333333
"1645_4",-81.6206166666667,-4.02171666666667
"1645_5",-81.54235,-4.058
"1646_1",-81.0451666666667,-3.722
"1646_2",-81.0666666666667,-3.84708333333333
"1646_3",-81.2586666666667,-4.02083333333333
"1646_4",-81.1551333333333,-3.775
"1646_5",-81.1576333333333,-3.78846666666667
"1646_6",-81.1559666666667,-3.7775
"1647_1",-81.3200833333333,-3.90343333333333
"1647_2",-81.3112166666667,-4.07126666666667
"1647_3",-81.4337166666667,-3.9128
"1647_4",-81.32885,-4.01166666666667
"1648_1",-81.2212166666667,-4.04753333333333
"1648_2",-81.3533666666667,-4.0921
"1648_3",-81.3873666666667,-4.05566666666667
"1649_1",-81.4597,-4.19756666666667
"1649_2",-81.4689666666667,-4.20365
"1649_3",-81.6178333333333,-9.08613333333333
"1649_4",-81.6217,-3.995
"1649_5",-81.6001333333333,-3.99345
"1650_1",-78.0163,-11.93035
"1650_2",-78.3375666666667,-11.60015
"1650_3",-78.4157,-11.5371666666667
"1650_4",-78.4216666666667,-11.2725
"1650_5",-78.4216666666667,-11.19095
"1650_6",-78.40945,-11.1346333333333
"1650_7",-78.43665,-10.9683333333333
"1650_8",-78.3316666666667,-10.8546666666667
"1650_9",-78.2901333333333,-11.02
"1650_10",-78.1706,-11.2168166666667
"1650_11",-78.1819166666667,-11.4503666666667
"1650_12",-78.11775,-11.6184833333333
"1650_13",-78.0479,-11.7006
"1650_14",-78.014,-11.9026
"1651_1",-80.7570333333333,-6.32275
"1651_2",-80.6727,-6.47408333333333
"1651_3",-80.5862333333333,-6.46955
"1651_4",-80.5041666666667,-6.49005
"1651_5",-80.5178666666667,-6.47561666666667
"1651_6",-80.47065,-6.48911666666667
"1651_7",-80.10625,-6.67346666666667
"1652_1",-79.1306,-8.39255
"1652_2",-79.1537833333333,-8.6705
"1652_3",-79.1551166666667,-9.52045
"1652_4",-79.1067,-10.3541
"1652_5",-79.1221333333333,-10.3552
"1652_6",-78.9559666666667,-10.44205
"1652_7",-79.4722666666667,-9.85566666666667
"1652_8",-79.5391,-9.78898333333333
"1652_9",-79.6059833333333,-9.72275
"1653_1",-79.0229833333333,-8.37208333333333
"1653_2",-79.0730833333333,-8.2051
"1653_3",-79.1794666666667,-8.07321666666667
"1653_4",-79.1785166666667,-8.0733
"1654_1",-79.3003,-8.05845
"1654_2",-79.7679666666667,-8.03183333333333
"1654_3",-80.0114,-7.90838333333333
"1654_4",-79.9026666666667,-7.71926666666667
"1654_5",-79.97305,-7.70173333333333
"1654_6",-79.3535333333333,-7.88173333333333
"1654_7",-79.3683666666667,-7.87511666666667
"1654_8",-79.3621666666667,-7.88006666666667
"1654_9",-79.3589333333333,-7.87846666666667
"1655_1",-79.6389833333333,-7.75515
"1655_2",-80.1917,-7.02225
"1655_3",-80.5188166666667,-6.80556666666667
"1655_4",-80.5219,-6.70426666666667
"1655_5",-81.1548166666667,-6.83833333333333
"1655_6",-81.25555,-6.67171666666667
"1655_7",-81.4186,-6.7729
"1655_8",-81.4543,-6.83518333333333
"1655_9",-80.4876833333333,-7.87078333333333
"1656_1",-79.7422666666667,-7.7247
"1656_2",-79.43365,-7.93941666666667
"1656_3",-80.1887833333333,-8.23965
"1656_4",-80.6232333333333,-8.63716666666667
"1656_5",-80.7846166666667,-8.85418333333333
"1656_6",-80.8226333333333,-8.05596666666667
"1656_7",-80.4781666666667,-9.33355
"1656_8",-80.51165,-9.33893333333333
"1656_9",-80.0118833333333,-9.20635
"1656_10",-79.7787833333333,-9.23783333333333
"1656_11",-79.8119666666667,-9.33398333333333
"1657_1",-77.5161,-12.9334833333333
"1657_2",-77.6997333333333,-12.9743333333333
"1657_3",-77.7591666666667,-12.7883333333333
"1657_4",-77.8033333333333,-12.8445
"1657_5",-78.0670666666667,-12.70865
"1657_6",-78.0716666666667,-12.7167
"1657_7",-77.83875,-12.7150666666667
"1657_8",-77.7771,-12.67665
"1657_9",-78.0743666666667,-12.5091833333333
"1657_10",-78.2569,-12.3463166666667
"1657_11",-78.0917333333333,-12.1806666666667
"1657_12",-78.0233166666667,-12.0341666666667
"1657_13",-77.835,-11.9244666666667
"1659_1",-79.7858666666667,-7.97235
"1659_2",-80.1296666666667,-7.33903333333333
"1659_3",-80.04545,-7.50071666666667
"1659_4",-80.0790333333333,-7.40078333333333
"1659_5",-80.5120833333333,-7.96698333333333
"1659_6",-80.61885,-7.8341
"1659_7",-80.7559166666667,-7.73755
"1659_8",-80.5688666666667,-7.70426666666667
"1659_9",-79.8342666666667,-7.78976666666667
"1660_1",-80.2386166666667,-6.84193333333333
"1660_2",-80.1647,-6.66823333333333
"1660_3",-80.3502,-6.66363333333333
"1660_4",-80.4638666666667,-6.5546
"1660_5",-80.4295666666667,-6.50671666666667
"1660_6",-80.1474666666667,-6.68798333333333
"1660_7",-80.1357666666667,-6.6926
"1661_1",-80.0548166666667,-6.80963333333333
"1661_2",-80.1606666666667,-6.75005
"1661_3",-80.1016833333333,-6.78681666666667
"1661_4",-80.0501,-6.81541666666667
"1661_5",-80.0573333333333,-6.73463333333333
"1661_6",-80.0829166666667,-6.71156666666667
"1661_7",-80.1074833333333,-6.70576666666667
"1661_8",-80.1247,-6.69243333333333
"1662_1",-80.1051,-6.67498333333333
"1662_2",-80.4911333333333,-7.07
"1662_3",-80.5039833333333,-7.0591
"1662_4",-80.7388,-6.98678333333333
"1662_5",-80.7507166666667,-6.97561666666667
"1662_6",-80.7089,-6.97101666666667
"1663_1",-80.2390666666667,-6.66495
"1663_2",-80.38625,-6.60283333333333
"1663_3",-80.4882333333333,-6.5314
"1663_4",-80.4495833333333,-6.51943333333333
"1663_5",-80.4082333333333,-6.55326666666667
"1663_6",-80.3316333333333,-6.56438333333333
"1664_1",-79.76845,-7.04325
"1664_2",-79.7363166666667,-7.07411666666667
"1664_3",-80.51805,-6.65258333333333
"1664_4",-80.57095,-6.61923333333333
"1665_1",-80.1707833333333,-6.74275
"1665_2",-80.4735666666667,-6.58728333333333
"1665_3",-80.1483333333333,-7.0218
"1665_4",-80.1318666666667,-7.03595
"1665_5",-80.11425,-7.05738333333333
"1665_6",-79.9948,-7.07678333333333
"1666_1",-80.57785,-6.82063333333333
"1666_2",-80.8676166666667,-6.72448333333333
"1666_3",-81.0270666666667,-6.36053333333333
"1666_4",-81.0694833333333,-6.30348333333333
"1666_5",-80.79385,-6.61266666666667
"1666_6",-80.71305,-6.68966666666667
"1666_7",-80.87115,-6.65825
"1666_8",-80.13415,-6.73888333333333
"1667_1",-80.092,-6.87063333333333
"1667_2",-80.2985,-6.76231666666667
"1667_3",-80.5194333333333,-6.60486666666667
"1667_4",-80.4954,-6.5994
"1667_5",-80.4451333333333,-6.5572
"1667_6",-80.3372666666667,-6.59673333333333
"1667_7",-80.2901666666667,-6.6007
"1668_1",-80.4361666666667,-6.6454
"1668_2",-80.5143666666667,-6.58793333333333
"1668_3",-80.3949666666667,-6.58566666666667
"1668_4",-80.3682166666667,-6.5715
"1668_5",-80.3886333333333,-6.55263333333333
"1668_6",-80.4573333333333,-6.51266666666667
"1668_7",-80.5861,-6.64888333333333
"1669_1",-80.2047,-6.67736666666667
"1669_2",-80.3529666666667,-6.66305
"1669_3",-80.3677666666667,-6.65558333333333
"1669_4",-80.3619666666667,-6.5832
"1669_5",-80.3823166666667,-6.58501666666667
"1670_1",-80.7802666666667,-3.58766666666667
"1670_2",-81.35625,-4.00781666666667
"1670_3",-81.3528333333333,-4.00716666666667
"1670_4",-81.4469166666667,-3.94466666666667
"1670_5",-81.4428333333333,-4.07698333333333
"1670_6",-81.4398,-4.09333333333333
"1671_1",-80.9143333333333,-3.81066666666667
"1671_2",-80.95,-3.8126
"1671_3",-81.3626666666667,-3.94468333333333
"1671_4",-81.3615,-3.95835
"1671_5",-81.43385,-3.99015
"1672_1",-81.2907166666667,-4.03221666666667
"1672_2",-81.4335,-4.11
"1672_3",-81.21275,-3.60041666666667
"1672_4",-80.9830666666667,-3.43291666666667
"1673_1",-80.1683333333333,-6.66833333333333
"1673_2",-80.4464,-6.532
"1673_3",-80.6438166666667,-6.41476666666667
"1673_4",-80.6363333333333,-6.38333333333333
"1673_5",-80.6344833333333,-6.3805
"1673_6",-80.6343833333333,-6.3833
"1673_7",-80.3837333333333,-6.54425
"1674_1",-80.2605,-6.70033333333333
"1674_2",-80.2667833333333,-6.75211666666667
"1674_3",-80.2868,-6.74103333333333
"1674_4",-80.3047333333333,-6.72805
"1674_5",-80.4197,-6.73863333333333
"1675_1",-80.374,-6.72838333333333
"1675_2",-80.5228833333333,-6.75046666666667
"1675_3",-80.5442166666667,-6.74525
"1675_4",-80.4293666666667,-6.60431666666667
"1675_5",-80.41555,-6.7469
"1675_6",-80.3307666666667,-6.85605
"1675_7",-80.2666833333333,-6.90006666666667
"1675_8",-80.2079833333333,-6.91816666666667
"1675_9",-80.0540833333333,-6.75955
"1675_10",-80.0561333333333,-6.74006666666667
"1676_1",-80.1768666666667,-6.69138333333333
"1676_2",-80.3094666666667,-6.98551666666667
"1676_3",-80.3166833333333,-7.00033333333333
"1676_4",-80.3583166666667,-6.98333333333333
"1676_5",-80.2759,-6.9987
"1676_6",-80.2403833333333,-7.0201
"1677_1",-80.08685,-7.05093333333333
"1677_2",-80.11245,-7.05633333333333
"1677_3",-80.1013,-7.0923
"1677_4",-80.1508666666667,-7.04016666666667
"1677_5",-80.1156,-7.00431666666667
"1677_6",-80.25865,-6.90186666666667
"1677_7",-80.3106166666667,-6.8901
"1678_1",-79.1834666666667,-8.8406
"1678_2",-79.5978333333333,-8.60866666666667
"1678_3",-80.0836,-7.84395
"1678_4",-79.8347833333333,-7.26678333333333
"1678_5",-80.3001166666667,-7.45225
"1678_6",-80.3339166666667,-7.60846666666667
"1678_7",-80.4003,-7.52003333333333
"1678_8",-80.2844,-8.10058333333333
"1678_9",-80.0334666666667,-8.20021666666667
"1678_10",-80.0004,-8.20203333333333
"1679_1",-79.1953333333333,-8.75338333333333
"1679_2",-79.5453,-9.16796666666667
"1679_3",-79.8335,-8.91783333333333
"1679_4",-79.8382,-8.67358333333333
"1679_5",-79.8059,-8.51226666666667
"1679_6",-79.7687333333333,-8.21133333333333
"1679_7",-79.8907,-7.91845
"1679_8",-79.9052,-7.82011666666667
"1679_9",-79.7763833333333,-8.23946666666667
"1680_1",-77.61655,-12.7955833333333
"1680_2",-77.6988833333333,-12.5405
"1680_3",-78.1244666666667,-12.1116666666667
"1680_4",-78.3881666666667,-11.9117833333333
"1680_5",-78.6120666666667,-11.5766666666667
"1680_6",-78.4691666666667,-11.4946666666667
"1680_7",-78.6583333333333,-11.65
"1680_8",-78.7032,-11.5198
"1680_9",-78.67685,-11.55905
"1680_10",-78.64,-11.63055
"1680_11",-78.5052666666667,-11.7335
"1680_12",-78.1800333333333,-11.8452666666667
"1681_1",-77.8451166666667,-12.6758333333333
"1681_2",-78.0200666666667,-13.0986666666667
"1681_3",-78.0441666666667,-12.8983333333333
"1681_4",-78.0445,-12.5191666666667
"1681_5",-78.105,-12.4046666666667
"1681_6",-78.021,-12.4296333333333
"1681_7",-78.0596833333333,-12.3266666666667
"1681_8",-78.2133333333333,-11.9918
"1681_9",-78.0895,-11.971
"1681_10",-78.1724666666667,-11.8002333333333
"1681_11",-78.1866666666667,-11.84
"1681_12",-78.0865333333333,-11.6868333333333
"1681_13",-78.01235,-11.885
"1681_14",-78.0308333333333,-12.01455
"1682_1",-80.15575,-7.01723333333333
"1682_2",-80.276,-6.92653333333333
"1682_3",-80.2931666666667,-6.9125
"1683_1",-80.32995,-6.75198333333333
"1683_2",-80.4199166666667,-6.82905
"1683_3",-80.4181,-6.77553333333333
"1683_4",-80.2526833333333,-6.942
"1683_5",-80.2696,-6.93085
"1683_6",-80.2848666666667,-6.9182
"1683_7",-80.2346333333333,-6.89695
"1684_1",-80.2069,-6.83533333333333
"1684_2",-80.1795833333333,-6.97376666666667
"1684_3",-80.2082833333333,-6.9524
"1684_4",-80.2301666666667,-6.93826666666667
"1684_5",-80.2505833333333,-6.92533333333333
"1684_6",-80.26665,-6.9151
"1685_1",-80.2084,-6.97783333333333
"1686_1",-80.2035333333333,-6.86363333333333
"1686_2",-80.31775,-6.91285
"1686_3",-80.2183333333333,-6.98001666666667
"1686_4",-80.1896666666667,-6.93781666666667
"1686_5",-80.1257,-6.93028333333333
"1687_1",-80.07375,-6.89766666666667
"1687_2",-80.2310333333333,-7.01783333333333
"1687_3",-80.25785,-7.0033
"1687_4",-80.2282833333333,-7.04981666666667
"1687_5",-80.1390833333333,-7.04671666666667
"1687_6",-80.00565,-6.85431666666667
"1688_1",-81.4625333333333,-4.11923333333333
"1688_2",-81.4010333333333,-4.183
"1688_3",-81.403,-4.21083333333333
"1688_4",-81.4033333333333,-4.20416666666667
"1688_5",-81.4336666666667,-4.16498333333333
"1689_1",-81.3448166666667,-3.7975
"1689_2",-81.3398833333333,-3.93048333333333
"1689_3",-81.3524666666667,-3.93683333333333
"1689_4",-81.2842,-3.85991666666667
"1689_5",-80.8761333333333,-3.73416666666667
"1690_1",-81.27335,-3.96851666666667
"1690_2",-81.2833666666667,-3.91383333333333
"1690_3",-81.2005833333333,-3.61186666666667
"1691_1",-80.2187833333333,-7.01775
"1691_2",-80.1827166666667,-6.9737
"1691_3",-80.0997333333333,-6.92903333333333
"1691_4",-80.0416833333333,-6.94436666666667
"1691_5",-79.9474833333333,-6.90291666666667
"1691_6",-79.9642333333333,-6.88993333333333
"1693_1",-78.1814,-11.5091833333333
"1693_2",-78.3738333333333,-11.1057833333333
"1693_3",-78.375,-10.9505
"1693_4",-78.1541666666667,-11.0583333333333
"1693_5",-78.1783333333333,-11.2583833333333
"1693_6",-77.6518666666667,-11.5835166666667
"1693_7",-77.5201666666667,-11.605
"1693_8",-77.8380666666667,-11.67055
"1693_9",-77.9856333333333,-11.797
"1693_10",-78.0257833333333,-11.8517333333333
"1693_11",-78.17455,-11.9383333333333
"1693_12",-78.1246166666667,-12.0049166666667
"1693_13",-78.0116666666667,-12.06035
"1693_14",-78.0131666666667,-11.9505666666667
"1694_1",-79.3616666666667,-7.89681666666667
"1694_2",-79.8467,-7.8423
"1694_3",-79.8691666666667,-7.802
"1694_4",-79.9840666666667,-7.76131666666667
"1694_5",-80.4015333333333,-7.5017
"1694_6",-80.2181166666667,-7.60138333333333
"1694_7",-79.9340333333333,-7.75833333333333
"1694_8",-79.7840333333333,-7.96046666666667
"1697_1",-76.3086166666667,-13.2721333333333
"1697_2",-76.3077,-13.2965833333333
"1697_3",-76.3732783333333,-13.179195
"1697_4",-76.3569166666667,-13.209555
"1697_5",-76.324555,-13.252195
"1697_6",-76.3365283333333,-13.2315
"1697_7",-76.4045,-13.1544716666667
"1697_8",-76.4164166666667,-13.1395833333333
"1697_9",-76.4121383333333,-13.142695
"1697_10",-76.3999433333333,-13.165555
"1697_11",-76.438055,-13.14975
"1697_12",-76.321445,-13.2508333333333
"1697_13",-76.348,-13.226195
"1698_1",-79.2076333333333,-8.83733333333333
"1698_2",-79.2014,-8.8705
"1698_3",-79.3742833333333,-9.08858333333333
"1698_4",-79.1533666666667,-9.20913333333333
"1698_5",-79.1419166666667,-8.935
"1698_6",-79.6340833333333,-8.6013
"1698_7",-80.0178,-8.57505
"1698_8",-79.8847333333333,-8.05836666666667
"1698_9",-79.5034333333333,-7.94466666666667
"1698_10",-79.3600833333333,-7.88005
"1698_11",-79.33375,-8.08383333333333
"1699_1",-78,-12.0846333333333
"1699_2",-77.90705,-12.6259
"1699_3",-77.8383,-13.0686
"1699_4",-77.7483333333333,-13.29035
"1699_5",-78.1168666666667,-13.2392833333333
"1699_6",-78.2855333333333,-12.7916666666667
"1699_7",-78.4316666666667,-12.1816666666667
"1699_8",-78.4036666666667,-12.1358333333333
"1699_9",-78.1555,-11.8455833333333
"1699_10",-78.1555,-11.8455833333333
"1699_11",-78.1827666666667,-11.6667333333333
"1699_12",-78.0305666666667,-11.7826
"1699_13",-78.0033333333333,-11.9615
"1700_1",-80.7959166666667,-3.62275
"1700_2",-80.88265,-3.70186666666667
"1700_3",-81.0151666666667,-3.642
"1700_4",-81.01585,-3.66391666666667
"1700_5",-80.8379333333333,-3.52706666666667
"1701_1",-80.6277,-3.3971
"1701_2",-80.9100833333333,-3.6351
"1701_3",-80.9819333333333,-3.6583
"1702_1",-80.9710833333333,-3.62833333333333
"1702_2",-80.93505,-3.58433333333333
"1703_1",-80.9356666666667,-3.49998333333333
"1703_2",-81.04405,-3.48508333333333
"1703_3",-81.0747666666667,-3.629
"1703_4",-81.0255,-3.59983333333333
"1703_5",-81.0451333333333,-3.60836666666667
"1704_1",-80.965,-3.66235
"1704_2",-80.9428333333333,-3.58333333333333
"1704_3",-80.96,-3.625
"1705_1",-80.1580166666667,-6.67636666666667
"1705_2",-80.2896666666667,-6.78395
"1705_3",-80.32465,-6.79573333333333
"1705_4",-80.3450833333333,-6.78133333333333
"1705_5",-80.3240333333333,-6.8303
"1705_6",-80.29685,-6.87373333333333
"1705_7",-80.316,-6.86181666666667
"1705_8",-80.2937166666667,-6.85503333333333
"1706_1",-80.1499833333333,-6.72873333333333
"1706_2",-80.4089333333333,-6.62926666666667
"1706_3",-80.4385833333333,-6.63811666666667
"1706_4",-80.59265,-6.62361666666667
"1706_5",-80.6359833333333,-6.5917
"1706_6",-80.18705,-6.6627
"1706_7",-80.1333666666667,-6.66691666666667
"1706_8",-80.0895333333333,-6.68796666666667
"1707_1",-80.3878166666667,-6.67521666666667
"1707_2",-80.5451666666667,-6.5953
"1707_3",-80.5512166666667,-6.61666666666667
"1707_4",-80.3909,-6.74066666666667
"1707_5",-80.2555,-6.83576666666667
"1707_6",-80.0531666666667,-7.14028333333333
"1707_7",-80.0429333333333,-7.16526666666667
"1708_1",-80.0281,-6.7708
"1708_2",-80.2328666666667,-7.07176666666667
"1708_3",-80.2538833333333,-6.95118333333333
"1708_4",-80.2704166666667,-6.93195
"1708_5",-80.24695,-6.89963333333333
"1708_6",-80.2285,-6.8562
"1708_7",-80.1660166666667,-6.92316666666667
"1709_1",-79.9840666666667,-6.95258333333333
"1709_2",-80.0433166666667,-7.06198333333333
"1709_3",-80.05965,-7.062
"1709_4",-80.0438666666667,-7.07456666666667
"1709_5",-80.0774,-7.05203333333333
"1709_6",-80.1764166666667,-6.96628333333333
"1710_1",-80.1528,-6.83015
"1710_2",-80.2525333333333,-6.86421666666667
"1710_3",-80.2994,-6.863
"1710_4",-80.3269333333333,-6.80363333333333
"1710_5",-80.3439,-6.79275
"1710_6",-80.3028666666667,-6.79633333333333
"1710_7",-80.0587,-6.7806
"1711_1",-80.0303666666667,-6.97191666666667
"1711_2",-79.7832833333333,-7.2299
"1711_3",-79.7937166666667,-7.21471666666667
"1711_4",-79.8972833333333,-7.18941666666667
"1711_5",-80.0009833333333,-6.98293333333333
"1711_6",-80.1798333333333,-7.45716666666667
"1711_7",-80.1645166666667,-7.55755
"1712_1",-80.0448666666667,-7.12396666666667
"1712_2",-80.1237333333333,-7.18943333333333
"1712_3",-79.9847,-7.12918333333333
"1712_4",-79.9141666666667,-7.09026666666667
"1712_5",-79.88425,-7.11391666666667
"1712_6",-79.8707166666667,-7.08101666666667
"1712_7",-79.8843833333333,-7.0612
"1712_8",-80.0056,-6.92441666666667
"1713_1",-80.0177166666667,-6.99743333333333
"1713_2",-80.3122833333333,-7.12108333333333
"1713_3",-80.2496833333333,-6.99196666666667
"1713_4",-80.218,-6.98471666666667
"1713_5",-80.1995333333333,-6.96673333333333
"1713_6",-79.9255833333333,-7.51243333333333
"1713_7",-79.8489,-7.5253
"1713_8",-79.7536166666667,-7.37746666666667
"1713_9",-79.74265,-7.29038333333333
"1713_10",-79.8933166666667,-7.04166666666667
"1714_1",-80.13995,-6.91978333333333
"1714_2",-80.1534333333333,-6.91001666666667
"1714_3",-79.9651333333333,-7.2966
"1714_4",-80.1557166666667,-6.94983333333333
"1714_5",-80.1821666666667,-6.91541666666667
"1714_6",-80.6768,-6.56106666666667
"1715_1",-79.9636,-6.87083333333333
"1715_2",-80.11025,-6.69845
"1715_3",-80.0909333333333,-6.69778333333333
"1715_4",-80.0916166666667,-6.68736666666667
"1716_1",-80.0405,-6.76616666666667
"1716_2",-80.0708833333333,-6.75176666666667
"1716_3",-80.2709833333333,-7.03676666666667
"1716_4",-80.2565666666667,-7.05858333333333
"1716_5",-80.23535,-7.03276666666667
"1716_6",-80.2326666666667,-7.01145
"1716_7",-80.0965166666667,-6.84381666666667
"1717_1",-80.9987,-3.6117
"1717_2",-81.0149166666667,-3.63238333333333
"1717_3",-80.9440166666667,-3.59581666666667
"1717_4",-80.8678,-3.54385
"1718_1",-80.9471,-3.62496666666667
"1718_2",-80.8766666666667,-3.63
"1718_3",-80.7478333333333,-3.4755
"1718_4",-80.9576333333333,-3.54998333333333
"1719_1",-79.4354,-9.07016666666667
"1719_2",-79.7506333333333,-9.20246666666667
"1719_3",-79.9055833333333,-9.137
"1719_4",-79.9387166666667,-9.0477
"1719_5",-79.8131666666667,-8.84216666666667
"1719_6",-79.5842666666667,-8.60066666666667
"1719_7",-79.52525,-8.62726666666667
"1719_8",-79.6935,-8.36708333333333
"1719_9",-79.1584,-8.29858333333333
"1719_10",-79.3568,-7.88438333333333
"1720_1",-79.7017666666667,-8.21833333333333
"1720_2",-80.3796166666667,-8.22303333333333
"1720_3",-80.9853,-8.10258333333333
"1720_4",-81.401,-7.93896666666667
"1720_5",-81.0221666666667,-8.30511666666667
"1720_6",-80.9891166666667,-8.23911666666667
"1720_7",-81.0226666666667,-8.507
"1720_8",-80.8059166666667,-8.55518333333333
"1720_9",-80.8051666666667,-8.58898333333333
"1720_10",-80.7555666666667,-8.58926666666667
"1720_11",-80.7554166666667,-8.52276666666667
"1720_12",-80.6889833333333,-8.62301666666667
"1721_1",-80.0490333333333,-6.74161666666667
"1721_2",-80.07475,-6.7053
"1721_3",-80.0840833333333,-6.69685
"1721_4",-80.07685,-6.70576666666667
"1722_1",-80.1285,-6.6848
"1722_2",-80.1108666666667,-6.68476666666667
"1722_3",-80.10165,-6.87718333333333
"1722_4",-80.08615,-6.88028333333333
"1722_5",-80.0805666666667,-6.89845
"1723_1",-79.9693333333333,-7.02791666666667
"1723_2",-79.9284666666667,-6.97718333333333
"1723_3",-80.2338833333333,-6.76611666666667
"1723_4",-80.419,-6.74111666666667
"1723_5",-80.2521666666667,-6.86433333333333
"1724_1",-80.10295,-6.83378333333333
"1724_2",-80.3222333333333,-6.78878333333333
"1724_3",-80.3037833333333,-6.67306666666667
"1724_4",-80.2263666666667,-6.70525
"1724_5",-80.2415333333333,-6.70336666666667
"1725_1",-80.0915833333333,-6.85276666666667
"1725_2",-80.30505,-6.84738333333333
"1725_3",-80.3294833333333,-6.85536666666667
"1725_4",-80.3209333333333,-6.87101666666667
"1725_5",-80.422,-6.75476666666667
"1725_6",-80.3858833333333,-6.61268333333333
"1725_7",-80.3677833333333,-6.65353333333333
"1725_8",-80.1558,-6.65313333333333
"1726_1",-80.1906666666667,-6.70553333333333
"1726_2",-80.24975,-6.66253333333333
"1726_3",-80.4054833333333,-6.52936666666667
"1726_4",-80.64115,-6.4453
"1726_5",-80.755,-6.35281666666667
"1726_6",-80.99365,-6.24745
"1727_1",-80.9207666666667,-6.29866666666667
"1727_2",-80.8700333333333,-6.3786
"1727_3",-80.7908166666667,-6.47175
"1727_4",-80.7816166666667,-6.49245
"1727_5",-80.5413666666667,-6.6021
"1727_6",-80.5045166666667,-6.60625
"1727_7",-80.5182,-6.66271666666667
"1727_8",-80.5426,-6.67318333333333
"1728_1",-80.47875,-6.69928333333333
"1728_2",-80.62045,-6.63601666666667
"1728_3",-80.62275,-6.41593333333333
"1728_4",-80.6849,-6.40285
"1728_5",-80.61645,-6.39
"1728_6",-80.7366833333333,-6.35955
"1728_7",-80.7431333333333,-6.34573333333333
"1728_8",-80.5546833333333,-6.51565
"1728_9",-80.52745,-6.52745
"1728_10",-80.7347,-6.34791666666667
"1729_1",-80.1423666666667,-6.75223333333333
"1729_2",-80.13535,-6.70565
"1729_3",-80.2871166666667,-7.05858333333333
"1729_4",-80.6027,-6.9007
"1729_5",-80.456,-7.01836666666667
"1729_6",-80.4752833333333,-7.01673333333333
"1729_7",-80.0183333333333,-6.89308333333333
"1730_1",-80.7500333333333,-3.44998333333333
"1730_2",-80.7635833333333,-3.46083333333333
"1730_3",-80.7114166666667,-3.41795
"1730_4",-80.6464166666667,-3.34233333333333
"1731_1",-80.6786666666667,-3.40003333333333
"1731_2",-80.70835,-3.39483333333333
"1731_3",-80.692,-3.40983333333333
"1732_1",-81.3513333333333,-3.96833333333333
"1732_2",-81.125,-3.7425
"1732_3",-80.9985,-3.63676666666667
"1732_4",-80.9945833333333,-3.61666666666667
"1732_5",-80.7432333333333,-3.3491
"1733_1",-80.9933166666667,-5.72566666666667
"1733_2",-81.0000333333333,-5.68018333333333
"1734_1",-81.0225833333333,-6.2242
"1734_2",-81.0272,-6.23213333333333
"1734_3",-80.9920333333333,-6.24075
"1734_4",-81.1473333333333,-5.65505
"1735_1",-80.44635,-6.50205
"1735_2",-80.6679333333333,-6.40126666666667
"1735_3",-80.7861666666667,-6.4762
"1735_4",-80.8172333333333,-6.43906666666667
"1735_5",-81.06275,-6.14818333333333
"1735_6",-81.0963666666667,-6.1419
"1736_1",-80.6908333333333,-6.39166666666667
"1736_2",-80.6018166666667,-6.74055
"1736_3",-80.5745,-6.7233
"1737_1",-80.9534666666667,-6.18116666666667
"1737_2",-80.9502166666667,-6.18098333333333
"1737_3",-80.8154666666667,-6.32895
"1737_4",-80.73655,-6.36806666666667
"1737_5",-80.7314,-6.36361666666667
"1737_6",-80.7098,-6.3711
"1738_1",-81.0073166666667,-5.70601666666667
"1738_2",-81.0524833333333,-5.74883333333333
"1738_3",-80.9565333333333,-5.6805
"1738_4",-81.0167666666667,-6.23756666666667
"1738_5",-80.6144333333333,-6.4855
"1738_6",-80.4935833333333,-6.52058333333333
"1738_7",-80.4103333333333,-6.53961666666667
"1738_8",-80.4122666666667,-6.58646666666667
"1738_9",-80.3876166666667,-6.59746666666667
"1738_10",-80.1252666666667,-6.70133333333333
"1739_1",-80.0958166666667,-7.02218333333333
"1739_2",-80.0974333333333,-7.13088333333333
"1739_3",-79.8219833333333,-7.03858333333333
"1739_4",-79.79885,-7.04326666666667
"1739_5",-79.8125,-7.02668333333333
"1739_6",-79.77995,-7.08238333333333
"1739_7",-79.8861666666667,-7.01858333333333
"1740_1",-81.1056833333333,-5.7995
"1740_2",-81.0613666666667,-6.22283333333333
"1740_3",-80.9481333333333,-6.23698333333333
"1740_4",-80.8396666666667,-6.3086
"1740_5",-80.7977166666667,-6.33543333333333
"1740_6",-80.69445,-6.39686666666667
"1740_7",-80.5675,-6.43991666666667
"1740_8",-80.77285,-6.41885
"1740_9",-81.05705,-6.22193333333333
"1740_10",-81.0064333333333,-6.25466666666667
"1742_1",-79.1850666666667,-10.3346333333333
"1742_2",-79.34135,-10.4187166666667
"1742_3",-79.3927333333333,-10.4743666666667
"1742_4",-79.4303333333333,-10.5689666666667
"1742_5",-79.5033333333333,-10.6776666666667
"1742_6",-79.5746833333333,-10.73175
"1742_7",-79.5001,-10.7919333333333
"1742_8",-79.4614666666667,-10.8416833333333
"1742_9",-79.3432666666667,-10.9233833333333
"1742_10",-79.3576,-10.9736166666667
"1742_11",-79.1754833333333,-11.0339833333333
"1742_12",-79.0861666666667,-11.1345666666667
"1742_13",-79.0051166666667,-11.1707833333333
"1742_14",-78.8366666666667,-11.338
"1743_1",-81.0497,-5.73221666666667
"1743_2",-81.04145,-5.66608333333333
"1743_3",-80.9757333333333,-5.70575
"1743_4",-81.0612166666667,-5.75495
"1744_1",-81.0211333333333,-5.72515
"1744_2",-80.9462,-5.56831666666667
"1744_3",-81.09845,-5.53791666666667
"1744_4",-81.1970166666667,-5.78131666666667
"1744_5",-81.20565,-5.7716
"1744_6",-81.2006333333333,-5.77793333333333
"1744_7",-81.2183333333333,-5.76573333333333
"1745_1",-81.0435333333333,-5.63091666666667
"1745_2",-81.2272,-5.75538333333333
"1745_3",-81.1741166666667,-5.79011666666667
"1745_4",-81.15965,-5.79765
"1745_5",-81.1506166666667,-5.8129
"1745_6",-81.16765,-5.78226666666667
"1746_1",-81.15935,-5.70458333333333
"1746_2",-81.1401,-5.81155
"1746_3",-80.9509333333333,-6.183
"1746_4",-80.8908333333333,-6.23448333333333
"1746_5",-80.9494333333333,-6.22738333333333
"1746_6",-80.8619333333333,-6.27061666666667
"1747_1",-80.14015,-6.90966666666667
"1747_2",-80.5015833333333,-7.11676666666667
"1748_1",-81.1244666666667,-5.59753333333333
"1748_2",-81.1514833333333,-5.56823333333333
"1748_3",-81.1872833333333,-5.73735
"1748_4",-80.9661666666667,-6.25413333333333
"1748_5",-80.90565,-6.28745
"1748_6",-80.97555,-6.29003333333333
"1748_7",-80.97345,-6.20581666666667
"1748_8",-80.9568166666667,-6.20735
"1748_9",-80.9718166666667,-6.18623333333333
"1748_10",-80.9724,-6.17421666666667
"1749_1",-81.0470166666667,-6.17513333333333
"1749_2",-80.8374333333333,-6.28735
"1749_3",-80.93125,-6.36105
"1749_4",-80.6897,-6.36715
"1749_5",-80.6758666666667,-6.37753333333333
"1749_6",-80.6534666666667,-6.39245
"1749_7",-80.6258333333333,-6.40606666666667
"1749_8",-80.5602166666667,-6.4479
"1749_9",-80.9893166666667,-6.17693333333333
"1750_1",-80.9143166666667,-6.2557
"1750_2",-80.75995,-6.3302
"1750_3",-80.7006333333333,-6.40303333333333
"1750_4",-80.2613333333333,-6.57171666666667
"1750_5",-80.2032666666667,-6.60703333333333
"1750_6",-80.30655,-6.73716666666667
"1750_7",-80.1100833333333,-6.68501666666667
"1751_1",-81.0618666666667,-6.12753333333333
"1751_2",-80.9758666666667,-6.22193333333333
"1751_3",-80.7661666666667,-6.33091666666667
"1751_4",-80.7522166666667,-6.33793333333333
"1751_5",-80.7587666666667,-6.33358333333333
"1751_6",-80.7408833333333,-6.35928333333333
"1751_7",-80.9589,-6.28801666666667
"1751_8",-80.9791333333333,-6.30858333333333
"1751_9",-80.9938,-6.30121666666667
"1752_1",-80.0595,-7.02513333333333
"1752_2",-80.20655,-7.1169
"1752_3",-80.1748833333333,-7.0682
"1753_1",-81.1138833333333,-5.7337
"1753_2",-81.1532,-5.68231666666667
"1754_1",-80.6777166666667,-3.39583333333333
"1754_2",-80.6395166666667,-3.37666666666667
"1754_3",-80.6268666666667,-3.36483333333333
"1755_1",-80.7168833333333,-3.39816666666667
"1755_2",-80.75055,-3.415
"1755_3",-80.7209666666667,-3.385
"1756_1",-80.6728666666667,-3.345
"1756_2",-80.68,-3.42183333333333
"1756_3",-80.8692,-3.33216666666667
"1756_4",-80.9012,-3.7365
"1756_5",-80.9185,-3.7675
"1756_6",-80.86375,-3.65833333333333
"1757_1",-80.0532,-6.7357
"1757_2",-80.14115,-6.65645
"1757_3",-80.3765333333333,-6.73111666666667
"1757_4",-80.5493,-6.7882
"1757_5",-80.6804,-6.74463333333333
"1757_6",-80.6976333333333,-6.68113333333333
"1757_7",-80.2170166666667,-6.6699
"1757_8",-80.6516166666667,-6.6751
"1758_1",-81.0214166666667,-6.14928333333333
"1758_2",-80.9430166666667,-6.22656666666667
"1758_3",-80.6722,-6.36965
"1758_4",-80.6845333333333,-6.35826666666667
"1758_5",-80.7763166666667,-6.32583333333333
"1758_6",-80.8112333333333,-6.33993333333333
"1758_7",-80.9318,-6.21923333333333
"1758_8",-81.1993166666667,-5.77965
"1759_1",-81.1146166666667,-5.72608333333333
"1759_2",-81.13885,-5.73243333333333
"1759_3",-81.1536833333333,-5.71905
"1759_4",-81.1351166666667,-5.70853333333333
"1759_5",-81.16865,-5.66966666666667
"1759_6",-81.1820333333333,-5.65355
"1760_1",-81.6781,-6.91616666666667
"1760_2",-82.2843333333333,-6.8745
"1760_3",-81.3719166666667,-6.83961666666667
"1760_4",-81.27995,-6.8736
"1761_1",-80.1174666666667,-6.90988333333333
"1761_2",-80.1912166666667,-7.00978333333333
"1761_3",-80.1883666666667,-7.06218333333333
"1761_4",-80.1868333333333,-7.10596666666667
"1761_5",-80.0621833333333,-7.18168333333333
"1761_6",-80.0384833333333,-7.18818333333333
"1761_7",-80.0386166666667,-7.19903333333333
"1761_8",-80.03945,-7.20826666666667
"1761_9",-80.0276166666667,-7.19691666666667
"1762_1",-80.5384333333333,-6.76731666666667
"1762_2",-80.6106,-6.7233
"1762_3",-80.5433166666667,-6.7298
"1763_1",-80.6225333333333,-8.75636666666667
"1763_2",-80.7554,-8.8392
"1763_3",-80.5221166666667,-8.80605
"1763_4",-81.0223166666667,-9.05536666666667
"1763_5",-81.0559166666667,-8.88941666666667
"1763_6",-80.7884833333333,-8.77285
"1763_7",-80.6074666666667,-8.51943333333333
"1763_8",-80.2893833333333,-8.20596666666667
"1763_9",-79.9894166666667,-8.2222
"1763_10",-80.1461333333333,-8.54611666666667
"1763_11",-79.9963666666667,-8.6626
"1763_12",-79.5455666666667,-8.61296666666667
"1764_1",-78.9401166666667,-8.69846666666667
"1764_2",-78.99105,-8.66753333333333
"1764_3",-79.4326666666667,-8.71553333333333
"1764_4",-79.5346333333333,-8.81966666666667
"1764_5",-79.3761166666667,-8.7091
"1764_6",-79.6952666666667,-8.53483333333333
"1764_7",-79.6676666666667,-8.19173333333333
"1764_8",-79.462,-8.35203333333333
"1765_1",-80.18935,-8.83885
"1765_2",-80.3623,-8.3466
"1765_3",-80.2800666666667,-8.39643333333333
"1765_4",-80.1794333333333,-8.72905
"1765_5",-80.9623666666667,-8.74541666666667
"1765_6",-80.8727833333333,-9.0558
"1765_7",-80.2357,-9.55365
"1765_8",-80.3355666666667,-9.58028333333333
"1765_9",-80.3965,-9.52811666666667
"1765_10",-80.2843666666667,-9.60041666666667
"1765_11",-80.3172833333333,-9.53481666666667
"1765_12",-80.2951,-9.26781666666667
"1765_13",-80.3168166666667,-9.13495
"1767_1",-78.0139333333333,-11.34025
"1767_2",-78.1782333333333,-11.1699166666667
"1767_3",-78.1803,-11.06135
"1767_4",-78.18075,-10.8465
"1767_5",-78.0865666666667,-11.0026833333333
"1767_6",-78.205,-10.8405166666667
"1767_7",-78.0959333333333,-10.8005
"1767_8",-78.1757666666667,-10.8566833333333
"1767_9",-78.2373666666667,-10.5878
"1767_10",-78.0870833333333,-10.6852666666667
"1767_11",-78.0537166666667,-10.8363333333333
"1767_12",-78.0232833333333,-11.014
"1767_13",-78.3362333333333,-11.1671
"1767_14",-78.4193833333333,-11.08685
"1768_1",-79.49665,-9.28525
"1768_2",-79.6021666666667,-9.59668333333333
"1768_3",-79.4970833333333,-9.68025
"1768_4",-79.4970833333333,-9.68025
"1768_5",-80.1292166666667,-9.25316666666667
"1768_6",-80.16945,-9.45326666666667
"1768_7",-80.22195,-9.47118333333333
"1768_8",-80.1192166666667,-9.51341666666667
"1768_9",-80.1688666666667,-9.58588333333333
"1768_10",-79.8456666666667,-8.93686666666667
"1768_11",-79.8200333333333,-8.90445
"1769_1",-81.0698333333333,-5.71156666666667
"1769_2",-80.9755833333333,-6.25641666666667
"1769_3",-80.9507833333333,-6.22441666666667
"1769_4",-80.9287333333333,-6.23791666666667
"1769_5",-80.74695,-6.39706666666667
"1769_6",-80.7715666666667,-6.51188333333333
"1769_7",-80.7601166666667,-6.48713333333333
"1769_8",-80.7526833333333,-6.471
"1769_9",-80.8085,-6.44526666666667
"1769_10",-80.9255333333333,-6.20465
"1769_11",-80.9027833333333,-6.21201666666667
"1770_1",-80.9762,-6.29151666666667
"1770_2",-80.9357,-6.2426
"1770_3",-80.9518,-6.22183333333333
"1770_4",-80.7501166666667,-6.52006666666667
"1770_5",-80.7605666666667,-6.51631666666667
"1770_6",-80.7641333333333,-6.45961666666667
"1770_7",-80.8176333333333,-6.44203333333333
"1770_8",-80.8292833333333,-6.43873333333333
"1770_9",-80.8841833333333,-6.23998333333333
"1771_1",-80.0738833333333,-6.86273333333333
"1771_2",-80.1645666666667,-6.81593333333333
"1771_3",-80.3866333333333,-6.66738333333333
"1771_4",-80.5171666666667,-6.65593333333333
"1771_5",-80.6518833333333,-6.55813333333333
"1771_6",-80.7581,-6.51803333333333
"1771_7",-80.6864833333333,-6.53443333333333
"1771_8",-80.1554166666667,-6.69788333333333
"1772_1",-80.3205333333333,-6.92685
"1772_2",-80.5381,-6.91003333333333
"1772_3",-80.63545,-6.79335
"1772_4",-80.5728666666667,-6.53153333333333
"1772_5",-80.6256166666667,-6.4622
"1772_6",-80.7404666666667,-6.57165
"1772_7",-80.8598833333333,-6.86921666666667
"1772_8",-80.5555333333333,-7.22398333333333
"1772_9",-80.4014666666667,-7.1174
"1772_10",-80.26265,-7.01478333333333
"1773_1",-81.0222166666667,-6.14565
"1773_2",-80.9668833333333,-6.20013333333333
"1773_3",-81.0094333333333,-6.20161666666667
"1773_4",-81.0386333333333,-6.15526666666667
"1773_5",-81.0447166666667,-6.13573333333333
"1773_6",-81.1142666666667,-6.13205
"1773_7",-81.0792333333333,-6.1712
"1773_8",-81.0669666666667,-6.18521666666667
"1773_9",-81.0068333333333,-6.26118333333333
"1773_10",-80.9174,-6.25703333333333
"1774_1",-81.1163,-6.12031666666667
"1774_2",-81.1023666666667,-6.12726666666667
"1774_3",-81.1010833333333,-6.11476666666667
"1774_4",-81.1022333333333,-6.10566666666667
"1774_5",-81.0732,-6.13301666666667
"1774_6",-81.0746833333333,-6.13595
"1774_7",-80.96655,-6.21873333333333
"1774_8",-80.9420166666667,-6.23751666666667
"1775_1",-80.50035,-6.5906
"1775_2",-80.63615,-6.54338333333333
"1775_3",-80.7367166666667,-6.55186666666667
"1775_4",-80.681,-6.5201
"1775_5",-80.6597166666667,-6.50341666666667
"1775_6",-80.6636,-6.46818333333333
"1775_7",-80.72405,-6.46855
"1775_8",-80.4427333333333,-6.6842
"1776_1",-80.0926666666667,-7.1089
"1776_2",-80.0363333333333,-7.158
"1776_3",-80.2183833333333,-7.03548333333333
"1776_4",-80.8199166666667,-7.09003333333333
"1776_5",-80.6712166666667,-6.95198333333333
"1776_6",-80.67625,-6.94086666666667
"1777_1",-80.3385333333333,-6.70431666666667
"1777_2",-80.5345,-6.60985
"1777_3",-80.5769,-6.5983
"1778_1",-81.20565,-5.77225
"1778_2",-81.1015666666667,-6.0935
"1778_3",-80.9517833333333,-6.21916666666667
"1778_4",-80.6375666666667,-6.51495
"1778_5",-80.5588166666667,-6.4968
"1778_6",-80.4691,-6.49803333333333
"1778_7",-80.4254666666667,-6.72811666666667
"1778_8",-80.71535,-6.62391666666667
"1778_9",-80.7031833333333,-6.65901666666667
"1779_1",-80.701,-3.4
"1779_2",-80.7092166666667,-3.475
"1779_3",-80.8125,-3.51108333333333
"1779_4",-81.1605,-3.57336666666667
"1779_5",-81.1424666666667,-3.54566666666667
"1779_6",-80.81665,-3.58833333333333
"1780_1",-80.6870833333333,-3.45385
"1780_2",-80.7192,-3.41668333333333
"1780_3",-80.7166666666667,-3.38
"1780_4",-80.7221666666667,-3.36833333333333
"1780_5",-80.7503666666667,-3.38616666666667
"1781_1",-80.7289166666667,-3.39
"1781_2",-80.77015,-3.36697
"1781_3",-80.7071833333333,-3.4801
"1782_1",-80.7335333333333,-3.41
"1782_2",-80.8020333333333,-3.47666666666667
"1782_3",-80.7833333333333,-3.51435
"1782_4",-80.7511666666667,-3.47968333333333
"1782_5",-80.7473166666667,-3.48166666666667
"1783_1",-80.7187833333333,-3.41623333333333
"1783_2",-81.0155166666667,-3.64566666666667
"1784_1",-80.819,-3.56316666666667
"1784_2",-81.1018166666667,-3.57416666666667
"1784_3",-81.015,-3.63651666666667
"1785_1",-79.5002833333333,-8.30391666666667
"1785_2",-79.7648666666667,-8.59101666666667
"1785_3",-79.8586,-8.46003333333333
"1785_4",-79.7419666666667,-8.67321666666667
"1785_5",-79.75005,-8.42848333333333
"1785_6",-79.9506666666667,-7.96905
"1785_7",-79.8866666666667,-8.0255
"1785_8",-79.8505,-7.90895
"1785_9",-80.0166333333333,-7.88913333333333
"1785_10",NA,-7.85183333333333
"1786_1",-80.0628666666667,-9.35243333333333
"1786_2",-80.1289166666667,-9.45365
"1786_3",-80.2678166666667,-9.44523333333333
"1786_4",-80.31935,-9.37871666666667
"1786_5",-80.3192166666667,-9.33798333333333
"1786_6",-80.3394333333333,-9.27976666666667
"1787_1",-80.3371333333333,-9.24646666666667
"1787_2",-79.8870333333333,-9.61856666666667
"1787_3",-79.8027,-9.67896666666667
"1787_4",-79.9842833333333,-9.71228333333333
"1787_5",-79.7675833333333,-9.66271666666667
"1787_6",-79.7382833333333,-9.77981666666667
"1787_7",-80.0123,-9.58465
"1787_8",-79.6623333333333,-9.49865
"1787_9",-79.6081833333333,-9.5338
"1787_10",-79.6305333333333,-9.37021666666667
